timestamp,latitude,longitude,event_type,severity
2026-09-06T07:53:23,-69.96040773017754,86.95817991353982,LOGOUT,LOW
2026-02-24T04:35:15,42.56481854952224,63.61181547224808,UPLOAD,LOW
2026-08-18T07:47:20,-14.054072456651326,-169.27300100229468,LOGOUT,LOW
2026-07-16T06:15:09,18.363371228996456,22.04822265790068,UPLOAD,HIGH
2026-03-27T14:39:19,-9.14237166890635,-79.85134503696142,LOGIN,LOW
2026-09-29T03:07:50,-13.929408332369547,-79.96631699820894,LOGOUT,HIGH
2026-02-09T16:40:07,-73.30574819157337,-145.18210433995296,PURCHASE,CRITICAL
2026-04-13T17:30:47,55.28308918938845,82.70344320977443,UPLOAD,LOW
2026-12-25T04:24:57,-21.863812102496368,18.734627258361712,UPLOAD,HIGH
2026-08-13T05:18:43,-55.388053753801216,-154.96014642345327,LOGOUT,HIGH
2026-01-31T23:42:54,63.95718978272643,131.93412003189707,ERROR,HIGH
2026-06-26T02:05:25,24.423199967592026,-48.660415570769686,PURCHASE,HIGH
2026-03-23T08:44:49,30.631531387984808,72.65531284507847,LOGIN,CRITICAL
2026-09-04T14:25:35,-59.19504332434254,82.48564726212572,LOGOUT,HIGH
2026-05-28T08:46:51,-41.409391178829964,153.1408246636384,UPLOAD,LOW
2026-09-23T21:04:02,-31.629107805242064,96.59288793325396,LOGIN,LOW
2026-11-16T03:45:19,-84.2219560972732,-66.4369026987305,PURCHASE,LOW
2026-03-23T22:30:09,74.36450235339811,24.184818532260806,PURCHASE,LOW
2026-09-12T13:07:52,-0.13837329139008148,138.4859353992129,ERROR,LOW
2026-04-13T20:51:43,-64.86654248540887,88.19603355297835,UPLOAD,HIGH
2026-10-18T02:40:24,15.225478240237294,143.2162380968917,ERROR,HIGH
2026-03-27T04:13:03,89.51864003804897,-130.20057183929188,ERROR,LOW
2026-10-21T12:24:01,-81.51905242354778,-140.5263130737627,LOGOUT,CRITICAL
2026-06-13T22:48:57,17.353625531755284,-41.48376779717998,UPLOAD,HIGH
2026-07-25T11:42:11,-44.74545840327363,19.161322637503503,LOGIN,CRITICAL
2026-10-07T21:36:51,-69.38068626293641,138.52384204647922,PURCHASE,CRITICAL
2026-05-13T02:39:54,-69.92060875274224,-23.484509759122204,ERROR,LOW
2026-10-08T10:23:08,67.65352926807492,-85.17994172960732,UPLOAD,LOW
2026-07-17T03:56:10,74.27301108206768,133.38668514123606,PURCHASE,CRITICAL
2026-07-17T03:45:39,19.614638058871023,-124.97786332213147,LOGOUT,CRITICAL
2026-10-30T09:19:29,76.03813451128946,150.6576579824528,UPLOAD,HIGH
2026-07-09T18:08:07,-86.49418637055018,154.47550185526217,PURCHASE,LOW
2026-01-23T11:54:06,-46.64311335949804,24.2484997280076,LOGIN,LOW
2026-10-12T05:52:23,-2.521716603009523,-155.0834933513819,UPLOAD,LOW
2026-02-19T20:41:42,28.755148094526135,160.86552469379671,LOGOUT,HIGH
2026-07-24T22:16:34,67.03794739534635,-27.670341527680705,LOGOUT,CRITICAL
2026-10-21T07:34:54,41.38759243619572,-107.58561717970947,PURCHASE,HIGH
2026-09-18T20:34:34,26.97805037510163,-22.283969790778542,UPLOAD,HIGH
2026-02-16T23:50:27,-45.37698954011857,-156.95067732251584,LOGIN,CRITICAL
2026-08-04T02:55:22,-48.57934813261614,-100.7217415974386,LOGIN,CRITICAL
2026-09-03T02:18:21,-79.4027219622618,-155.7358818802893,LOGIN,HIGH
2026-01-28T12:26:18,2.548101565546034,-79.74818497276308,ERROR,LOW
2026-07-29T10:01:28,-66.1838672294955,156.78512660904158,UPLOAD,CRITICAL
2026-07-03T13:36:47,-46.26049636876959,-9.729740539946278,ERROR,LOW
2026-02-06T15:10:48,-72.5524534388118,-24.821574333704092,ERROR,HIGH
2026-07-01T08:59:07,65.49061470652859,-160.49837259641862,LOGIN,LOW
2026-06-06T08:42:08,41.07844591941287,108.21330391021155,LOGIN,LOW
2026-03-16T09:44:56,-55.762396480653926,-18.499122780072526,ERROR,LOW
2026-04-19T04:13:44,-6.72694768782587,134.81494346540876,LOGIN,HIGH
2026-11-10T19:18:47,65.04283885712951,18.1171124819453,LOGIN,CRITICAL
2026-07-29T22:38:41,60.48496531439133,168.83865262251044,LOGOUT,LOW
2026-06-07T20:03:12,-2.584597418870672,-103.0509722882946,ERROR,LOW
2026-03-05T22:31:45,-21.784838584155096,174.71118376070132,PURCHASE,HIGH
2026-04-21T18:42:55,-13.85865252177068,164.63435070948236,UPLOAD,CRITICAL
2026-10-07T00:03:01,-2.3991459022206953,-111.63676778365063,LOGOUT,LOW
2026-08-13T22:21:05,42.43269218202781,-158.0552742684543,PURCHASE,LOW
2026-01-20T11:21:37,15.151967002614825,1.0261378510248846,UPLOAD,LOW
2026-01-23T02:09:21,82.94020258940105,-151.15987251338873,LOGOUT,LOW
2026-08-20T02:07:45,-77.7670445923637,130.25491270924658,ERROR,LOW
2026-12-12T18:04:45,12.541573824873282,28.410860702595812,LOGIN,CRITICAL
2026-02-01T20:08:26,-14.53951523954295,30.122024144840907,UPLOAD,HIGH
2026-12-30T00:05:37,-43.06217479134609,61.10135091713852,PURCHASE,LOW
2026-04-14T03:42:24,-18.75854757757419,61.80848026558965,PURCHASE,HIGH
2026-05-03T18:59:06,77.22329970699255,156.86434348013643,LOGIN,HIGH
2026-08-30T05:37:25,89.72179935379961,178.594721227834,LOGIN,CRITICAL
2026-03-24T18:44:31,1.0592449287777583,-132.31563466807177,PURCHASE,LOW
2026-12-08T11:23:33,-46.028805028536354,-77.40453916200357,ERROR,CRITICAL
2026-10-01T05:28:02,-35.54691426379982,174.1871916905336,UPLOAD,LOW
2026-09-17T08:56:10,57.0787443207831,-72.22364920800796,LOGIN,LOW
2026-04-13T17:00:03,-69.2228393245616,-141.46704802460965,UPLOAD,LOW
2026-04-16T18:28:09,-39.28387113757903,-104.1733242695005,PURCHASE,LOW
2026-09-24T23:56:15,24.162832599314356,-84.96579541305262,ERROR,HIGH
2026-12-18T14:20:51,73.46862831934294,-161.71239828148896,ERROR,HIGH
2026-01-18T02:55:06,-89.36177596419918,97.60292028706573,PURCHASE,LOW
2026-10-15T20:46:22,-10.469607865046896,74.04028083359665,UPLOAD,LOW
2026-02-13T10:44:24,-76.45610518672193,137.91830158805146,LOGOUT,CRITICAL
2026-01-14T23:48:23,60.227103579483014,29.70344393632584,LOGOUT,HIGH
2026-02-19T11:52:42,-82.47080552960558,-48.725454482187814,LOGIN,HIGH
2026-03-23T14:03:18,32.772003895903765,60.096027828795485,PURCHASE,CRITICAL
2026-12-10T08:43:57,67.4482902373964,170.58132814942405,LOGOUT,LOW
2026-12-02T18:42:33,-60.74968192192105,107.95933076648276,LOGOUT,HIGH
2026-01-10T15:01:32,-57.71508058472274,152.81542628695644,ERROR,CRITICAL
2026-12-02T13:39:37,42.31035698901769,-90.65979319773574,LOGOUT,CRITICAL
2026-02-11T23:31:27,-21.142489932551825,-166.05914124031688,ERROR,LOW
2026-03-19T12:09:12,56.9855890074472,-14.290835515580852,PURCHASE,LOW
2026-03-28T13:47:53,-85.74040175373872,-110.47327620202488,PURCHASE,HIGH
2026-12-02T16:21:12,-77.50426416069241,98.39758947852994,PURCHASE,CRITICAL
2026-07-17T20:00:18,-18.05789081518904,173.21388739137365,UPLOAD,HIGH
2026-12-31T18:19:28,-85.03190367846554,135.7338281672017,PURCHASE,LOW
2026-08-14T11:29:18,83.25617683707998,-84.4321094917313,LOGIN,CRITICAL
2026-06-18T18:25:40,-27.77631989763595,103.11414415332547,ERROR,CRITICAL
2026-07-18T14:48:30,-69.18375887472052,143.82170384803186,LOGOUT,HIGH
2026-01-18T05:42:44,37.581351090150704,-179.39113984129338,UPLOAD,CRITICAL
2026-10-07T09:34:24,79.24736167155959,85.33356965650813,LOGOUT,HIGH
2026-06-17T11:58:59,-77.40471399726417,59.12556656805805,PURCHASE,CRITICAL
2026-05-02T21:54:21,29.40974572779797,-135.1348863608276,PURCHASE,CRITICAL
2026-05-01T02:44:31,30.040722739031338,-62.57415425133604,PURCHASE,CRITICAL
2026-02-19T10:24:29,-55.46878326177345,59.374596316597746,ERROR,CRITICAL
2026-10-18T13:07:10,72.50499823186487,41.585369742496994,PURCHASE,HIGH
2026-08-01T19:08:41,60.07053047473036,-70.60501826339264,LOGOUT,HIGH
2026-11-02T03:48:11,14.397260615222763,55.69402453310579,ERROR,HIGH
2026-06-21T17:13:40,31.612901974217976,4.022638874851339,LOGOUT,CRITICAL
2026-02-02T22:21:06,-38.91844710125506,58.98738106979954,UPLOAD,HIGH
2026-02-06T06:25:54,57.31622361659956,90.40972951466358,PURCHASE,LOW
2026-11-10T05:42:39,-54.156612109216205,-171.20686041834253,LOGOUT,HIGH
2026-08-26T09:29:10,62.95278503245174,-153.78183749355512,ERROR,CRITICAL
2026-08-12T13:38:30,-55.00165738685232,70.68753017658176,ERROR,HIGH
2026-04-05T18:05:59,-63.43715788356632,67.54406870898703,LOGIN,HIGH
2026-03-26T23:44:50,-58.340397292824306,164.86777522063431,UPLOAD,HIGH
2026-01-20T12:04:09,10.33304292601116,150.2892052039585,LOGIN,HIGH
2026-02-21T18:48:37,54.254988310007604,60.32798373108713,UPLOAD,CRITICAL
2026-05-04T05:25:52,81.00712951976806,140.91333329175734,UPLOAD,CRITICAL
2026-12-13T10:13:54,0.8600696683923559,119.0049010997094,UPLOAD,HIGH
2026-12-15T10:35:08,-61.35157664226013,130.13816752197442,ERROR,HIGH
2026-10-19T23:04:03,-45.49684724826128,49.55811723941625,UPLOAD,HIGH
2026-09-01T09:43:07,-46.93574451336608,-21.645866424635045,PURCHASE,LOW
2026-04-16T12:34:06,-29.54744340816349,141.48965980451408,LOGIN,LOW
2026-02-28T13:50:37,-48.37293364892638,69.82193242765882,LOGOUT,LOW
2026-06-11T02:50:56,-16.632113460014395,15.34001058140953,ERROR,LOW
2026-03-22T07:50:10,59.920410481287774,-39.788347439901145,UPLOAD,CRITICAL
2026-01-08T14:03:03,64.21176581470817,95.61404740250504,ERROR,HIGH
2026-01-03T06:57:19,79.69349833813743,-72.49944514594196,ERROR,HIGH
2026-07-29T00:34:45,44.552820416049144,16.60763150418208,UPLOAD,LOW
2026-07-09T14:37:42,-50.50410576814149,-23.09904862321082,LOGIN,HIGH
2026-05-11T12:57:15,30.397251712125083,107.331236791268,LOGOUT,HIGH
2026-12-24T02:44:56,-67.02699648939108,44.0125059506633,LOGIN,HIGH
2026-08-18T20:50:25,11.590556944459337,-170.24326331748753,ERROR,LOW
2026-12-03T15:38:24,-6.894280070727888,-161.89753194409408,ERROR,HIGH
2026-03-24T04:49:00,-8.154121497033216,-58.499802693406565,ERROR,HIGH
2026-10-20T01:14:22,81.2167415749011,-28.236662366854063,LOGIN,HIGH
2026-01-08T12:39:55,44.824366994913134,-161.24918103242803,PURCHASE,LOW
2026-09-10T11:46:55,-77.6486933185015,164.6228169994926,LOGIN,LOW
2026-04-07T00:50:50,-54.11507717474408,-172.66319376468036,LOGOUT,LOW
2026-02-19T00:27:53,-4.759009029696955,-138.81979940064963,LOGOUT,HIGH
2026-09-29T15:29:09,-43.87613461880641,-47.1977372437411,UPLOAD,CRITICAL
2026-10-18T11:10:20,39.30430114728148,100.00507902315576,LOGOUT,HIGH
2026-02-11T23:33:12,14.163251851663844,154.39938062656375,UPLOAD,CRITICAL
2026-12-19T15:25:01,82.47111087706128,-37.20440105401417,LOGOUT,LOW
2026-08-18T22:45:07,34.31059486793646,45.807262416376005,LOGIN,CRITICAL
2026-10-28T00:02:37,-35.715116612219944,66.33325409999622,LOGIN,CRITICAL
2026-10-31T22:41:24,-82.6075565628955,11.788288311780093,PURCHASE,LOW
2026-07-16T11:53:46,26.55778573022492,-175.4452259402929,ERROR,HIGH
2026-02-10T23:41:36,-11.965787761347286,-49.6123061417741,ERROR,CRITICAL
2026-03-01T09:58:51,-11.612313898618126,84.16630944482108,PURCHASE,CRITICAL
2026-11-10T20:57:45,75.53117824249804,98.87092213376684,ERROR,HIGH
2026-11-17T16:24:15,41.58471857492202,-83.37760630227888,LOGOUT,LOW
2026-04-19T07:47:58,68.69361312049895,-92.20916189125585,ERROR,CRITICAL
2026-08-26T00:42:13,30.27392468018884,-58.897216839104914,ERROR,HIGH
2026-03-12T14:52:13,-2.2410121695580187,-52.2630121766057,PURCHASE,HIGH
2026-04-19T14:36:21,68.45759635648056,72.42615011959256,PURCHASE,CRITICAL
2026-01-04T22:36:54,2.992905308688151,-111.21968753024441,LOGOUT,CRITICAL
2026-06-07T20:11:04,-2.0559875672182812,92.93927525368792,ERROR,CRITICAL
2026-10-04T10:51:07,-1.6521596858544854,105.4558325276343,LOGIN,HIGH
2026-03-28T01:25:41,-17.207796837972936,-92.41014100436742,UPLOAD,HIGH
2026-07-03T19:06:26,9.625131901844938,-56.247338107367085,UPLOAD,HIGH
2026-05-17T15:06:42,36.51388959343841,-82.47008628856932,PURCHASE,LOW
2026-02-16T20:35:39,39.83117963869253,-66.40274015784486,UPLOAD,CRITICAL
2026-03-13T21:43:17,-55.52262485810195,85.89767526322225,PURCHASE,CRITICAL
2026-08-17T23:20:53,85.78926411895023,8.869272879098816,PURCHASE,LOW
2026-11-20T08:39:31,-55.05883594360678,-98.10606114628031,LOGOUT,HIGH
2026-01-06T11:52:20,37.443327427985636,-134.4301344547266,LOGIN,LOW
2026-08-03T21:40:45,-37.415403980500045,159.87226132646663,ERROR,LOW
2026-12-05T22:20:15,-87.79222739240856,-77.63784223062622,ERROR,HIGH
2026-05-13T07:36:34,-56.81453932978529,-161.50438181391198,ERROR,LOW
2026-11-16T06:40:23,-78.23818167949216,-2.971238295215528,UPLOAD,CRITICAL
2026-09-24T14:11:14,-80.35036662734403,-126.28886958948414,UPLOAD,HIGH
2026-02-03T01:56:36,88.90526208783965,-137.35743760387385,ERROR,CRITICAL
2026-08-20T12:18:17,52.3333493718155,-98.75263065658754,UPLOAD,HIGH
2026-06-24T23:05:56,73.53078797228468,-72.95287229374054,UPLOAD,HIGH
2026-04-29T14:21:00,12.353304712361975,-158.31709042588528,LOGIN,LOW
2026-08-31T22:13:21,-52.015464845029264,57.7541293891332,LOGOUT,LOW
2026-03-09T12:03:34,9.358604203996634,-123.64825844047027,ERROR,HIGH
2026-09-25T17:24:16,16.886015121521382,-75.14665594883006,LOGOUT,HIGH
2026-10-02T13:18:21,-39.1106928397882,129.45842328258806,LOGIN,CRITICAL
2026-04-01T15:40:03,76.30398800685876,103.61808959282331,UPLOAD,CRITICAL
2026-11-09T04:56:38,78.06032252019239,-26.94997220248382,UPLOAD,LOW
2026-09-09T12:23:35,-63.18190780644074,-84.37231020936953,LOGOUT,LOW
2026-01-24T03:52:00,-60.13389794026956,-69.25974745887629,UPLOAD,HIGH
2026-06-20T13:12:24,-67.61634152855251,67.92407683635375,ERROR,HIGH
2026-07-14T08:44:19,7.196681267642518,-22.40680911422473,UPLOAD,LOW
2026-12-12T10:01:19,-12.234840451060933,-63.96422999101202,PURCHASE,LOW
2026-02-05T11:13:41,-48.793605170071146,62.747412181981616,UPLOAD,CRITICAL
2026-01-09T01:21:41,89.92303503794125,62.02137034916612,PURCHASE,CRITICAL
2026-01-16T14:59:10,47.35962075090697,-116.93133794232986,UPLOAD,CRITICAL
2026-06-21T17:52:36,74.89310182681814,-114.66390699967467,UPLOAD,HIGH
2026-09-04T12:37:20,56.564090017308615,168.85988498365333,ERROR,HIGH
2026-06-08T14:04:48,-30.00448914028344,61.24806342762676,LOGOUT,HIGH
2026-06-09T20:48:37,34.86126131701785,-76.24159366987593,ERROR,CRITICAL
2026-01-15T06:02:31,-8.131336451688696,-66.77382341873954,PURCHASE,LOW
2026-10-28T00:40:06,-17.24848973986579,5.254650838477829,LOGIN,CRITICAL
2026-12-04T15:05:32,7.6668469842951055,-31.23087451224427,LOGOUT,CRITICAL
2026-05-21T12:01:40,22.074097068308035,-0.5424831424121237,ERROR,LOW
2026-03-21T01:18:01,-41.929877110872155,-132.83523757783925,PURCHASE,HIGH
2026-12-09T02:05:07,35.68500524199101,-136.28660998945685,UPLOAD,LOW
2026-10-03T15:39:19,-61.49193051505817,18.30204252096118,UPLOAD,HIGH
2026-02-06T04:46:21,-49.55388129795876,122.90604538213279,LOGIN,HIGH
2026-02-15T14:51:49,26.587743981076557,-124.5703952058019,PURCHASE,CRITICAL
2026-10-01T22:54:46,-40.783518591610644,120.50062040760997,ERROR,LOW
2026-06-27T09:33:30,9.227713838484533,-41.909035231026024,UPLOAD,CRITICAL
2026-10-17T19:57:02,68.2787259263657,131.04969639429174,PURCHASE,HIGH
2026-05-12T23:52:00,78.16471086285361,2.785563291476336,LOGIN,HIGH
2026-10-09T23:17:08,-36.25994704108191,31.29758006909799,ERROR,LOW
2026-06-23T10:07:24,6.944503986697271,-55.755380990517295,UPLOAD,CRITICAL
2026-05-27T11:51:09,-8.037968964029801,-64.16015391754652,LOGOUT,CRITICAL
2026-04-03T17:49:44,12.923575557282206,-95.91751941915848,ERROR,LOW
2026-05-04T13:37:05,44.046927281735265,73.88203716900091,ERROR,HIGH
2026-09-15T18:01:41,52.63085892598747,54.7268405042181,LOGOUT,HIGH
2026-01-15T09:02:52,-67.27567143431003,167.52729246366732,PURCHASE,LOW
2026-12-06T12:02:41,62.1070961598688,-144.10378881288779,ERROR,LOW
2026-10-08T13:39:52,-64.05202512594946,133.53586968571898,LOGOUT,LOW
2026-07-02T07:58:10,50.674552429144484,-84.59179936437279,UPLOAD,CRITICAL
2026-06-04T08:48:47,26.970597464269062,126.6355052462489,UPLOAD,HIGH
2026-05-03T23:29:45,22.823852221437804,139.47792584735635,ERROR,CRITICAL
2026-01-14T22:36:13,21.142703088490165,-95.48271248327224,PURCHASE,LOW
2026-10-18T00:22:01,-73.73172046158564,172.20158215939642,LOGIN,HIGH
2026-03-06T14:37:55,34.92020930278221,145.23266233817498,LOGIN,HIGH
2026-11-06T04:35:41,-79.89853894109876,-50.95319677186916,ERROR,LOW
2026-04-05T20:05:06,5.609937266776811,23.73410228973725,LOGOUT,LOW
2026-03-09T23:45:52,-75.78569688120096,133.5022555121477,UPLOAD,CRITICAL
2026-04-04T12:41:46,-0.4198945737688149,29.936567034739085,LOGOUT,HIGH
2026-09-05T17:42:07,-44.28407890556239,-88.08238506270455,LOGIN,HIGH
2026-12-16T23:52:50,-38.22630016528102,16.775329536730197,LOGIN,HIGH
2026-05-15T04:54:18,87.77730513932485,-72.304470315442,ERROR,CRITICAL
2026-04-08T03:05:03,-7.769553719798424,-71.2361986062071,ERROR,HIGH
2026-02-11T10:04:49,-47.30297365303657,25.892169246266008,UPLOAD,HIGH
2026-09-29T13:45:12,-36.858464301011516,172.06001444767054,ERROR,HIGH
2026-01-04T03:28:42,11.867223052025821,66.88781738424436,LOGIN,CRITICAL
2026-10-17T09:30:28,-0.5890884257033377,145.4959047217411,PURCHASE,LOW
2026-08-24T18:15:21,54.34775235815175,-101.15836598588204,LOGOUT,CRITICAL
2026-04-08T08:00:39,31.997602552204697,79.53421560145523,LOGOUT,CRITICAL
2026-02-07T17:38:00,72.61266673313423,52.68261920058822,PURCHASE,HIGH
2026-01-13T22:58:47,14.3232849663125,83.64951645812579,LOGIN,HIGH
2026-05-07T21:14:34,44.546555688906864,-116.76957464004961,LOGOUT,CRITICAL
2026-12-07T09:12:17,84.86812461804118,11.106854533002604,PURCHASE,LOW
2026-04-10T19:08:05,74.52881163689617,159.9076137949915,PURCHASE,CRITICAL
2026-12-05T00:41:15,-29.03125431566047,-138.53890531808662,LOGIN,LOW
2026-10-20T21:12:04,83.97003770329536,129.65061488357588,ERROR,CRITICAL
2026-05-23T01:16:14,-73.74548239765501,-37.95315828166369,PURCHASE,CRITICAL
2026-02-17T23:55:49,-8.138515007902555,62.218217474551295,PURCHASE,CRITICAL
2026-05-28T23:24:54,58.035114220819366,158.50508104063948,LOGIN,CRITICAL
2026-04-01T19:22:41,-5.13416376334105,43.03687213603064,UPLOAD,HIGH
2026-12-22T10:48:12,19.814795254514337,53.15485703019894,ERROR,CRITICAL
2026-04-28T08:36:59,26.86310033122639,-137.9966627782604,LOGIN,LOW
2026-04-29T04:53:00,89.26692745590529,-138.19662693896058,LOGOUT,CRITICAL
2026-02-22T16:28:50,-20.043750392974346,-46.43585442472221,UPLOAD,HIGH
2026-08-17T02:24:31,43.60842265775685,-124.37175513245938,ERROR,CRITICAL
2026-02-08T10:56:54,60.064754993337885,41.63479705841627,PURCHASE,LOW
2026-09-26T01:52:55,-23.304607427801628,-20.38208901814741,LOGOUT,HIGH
2026-02-08T14:03:07,86.56698929833209,-47.759414941015024,PURCHASE,LOW
2026-06-04T14:55:49,-40.34134064491437,168.55447533709923,ERROR,LOW
2026-09-15T09:27:08,-51.82095322380363,50.21745067069338,LOGIN,LOW
2026-11-02T13:27:25,-29.968351842147122,175.97552541891184,UPLOAD,LOW
2026-01-27T15:29:34,59.36721069908387,19.51480384600646,UPLOAD,LOW
2026-11-12T18:12:10,66.54517681851806,-61.718560764397054,LOGOUT,CRITICAL
2026-01-02T02:25:45,-40.09052772437707,174.25012746518604,LOGOUT,CRITICAL
2026-04-08T08:15:59,53.73248824037225,-140.42651475980318,LOGIN,LOW
2026-01-06T18:30:29,-25.516389741024085,103.83535240333805,UPLOAD,HIGH
2026-01-07T03:05:25,-58.635683746888105,-161.13635356997645,ERROR,CRITICAL
2026-02-14T03:17:17,44.21974950611923,-8.551452447629913,PURCHASE,CRITICAL
2026-08-19T13:22:06,-70.3702781993078,1.3819283228957033,UPLOAD,LOW
2026-10-10T10:23:45,50.98085927646832,132.11312679354177,UPLOAD,HIGH
2026-06-27T21:15:56,25.801323156987976,-168.7857697762762,ERROR,HIGH
2026-06-15T13:09:29,33.49754929120188,-3.5032125080788887,ERROR,LOW
2026-12-16T05:46:25,-75.45771406605745,38.98707250803838,LOGIN,LOW
2026-04-17T19:20:05,22.377148970617412,30.73128787732358,PURCHASE,HIGH
2026-08-21T00:05:44,5.500230737638418,-16.662449672830206,UPLOAD,HIGH
2026-02-08T12:24:36,52.75729675829629,-138.81093392517135,UPLOAD,CRITICAL
2026-12-03T02:58:23,-51.295848061050556,-17.44023025249865,LOGOUT,HIGH
2026-05-12T15:04:17,58.93546046040805,-36.457133667496805,LOGIN,HIGH
2026-06-15T17:43:43,-33.7457571944638,-88.23967326619949,LOGOUT,CRITICAL
2026-12-25T10:50:38,-4.631780593961508,-147.15907618822249,LOGIN,LOW
2026-06-17T17:22:51,-72.61840213815859,85.96655945593767,LOGOUT,CRITICAL
2026-01-24T07:03:47,15.563714893105853,22.171109037146067,PURCHASE,CRITICAL
2026-02-17T11:16:41,-16.054446074011523,134.49865400435465,ERROR,CRITICAL
2026-01-20T23:30:43,84.31175255606541,36.147632840883745,PURCHASE,LOW
2026-08-13T10:35:27,1.3342584542407394,-124.29713669102588,ERROR,LOW
2026-11-26T01:10:26,-70.52069125309201,124.33443069648422,PURCHASE,LOW
2026-10-24T03:59:58,-39.85772175090015,-98.58272604197492,ERROR,CRITICAL
2026-10-26T00:59:22,57.316834717320546,40.88638099276733,UPLOAD,LOW
2026-08-25T12:14:38,77.23517237908854,118.6058843854787,PURCHASE,LOW
2026-03-12T01:35:58,-40.81133003170954,94.46742647315921,PURCHASE,HIGH
2026-01-03T08:54:36,-57.346999521737644,-128.42946347686953,ERROR,LOW
2026-02-25T02:22:03,43.3744306413156,169.85171475288683,LOGIN,CRITICAL
2026-07-26T00:27:25,-51.27608159396803,-28.860302244778865,PURCHASE,LOW
2026-05-24T17:08:41,-33.905273453241044,-63.22215885176645,UPLOAD,CRITICAL
2026-02-02T23:51:25,69.00159321330179,-123.9912347743842,UPLOAD,LOW
2026-09-19T17:50:37,-75.31532504425563,-20.479329241082638,ERROR,HIGH
2026-08-24T18:21:30,-10.432046394399762,-81.65993602868299,UPLOAD,LOW
2026-05-15T01:14:39,-12.615545988379736,-78.03127077103824,UPLOAD,HIGH
2026-07-24T15:22:54,30.083860572542918,-163.64974946240608,ERROR,CRITICAL
2026-01-22T06:36:17,-88.61632453802109,-71.48902967336277,LOGOUT,LOW
2026-10-24T18:29:44,-44.00648927613733,-61.87595186237719,LOGIN,HIGH
2026-10-18T02:40:34,-12.482097956351467,-133.49314736668262,UPLOAD,CRITICAL
2026-03-31T08:47:14,0.04722238011837021,120.00751287115617,PURCHASE,LOW
2026-06-04T04:58:17,65.11758516406593,-164.7711858373951,LOGIN,HIGH
2026-12-24T17:51:22,-75.98472986236364,-67.298172956159,ERROR,CRITICAL
2026-06-07T01:29:40,37.70981308240816,-29.630174456346992,LOGIN,HIGH
2026-01-09T02:23:49,83.91594438596272,-118.12565499189516,UPLOAD,HIGH
2026-11-20T03:02:36,34.12980739443418,-49.73303115571471,ERROR,LOW
2026-04-05T11:52:26,-11.578225150727988,-35.838066126208645,LOGIN,HIGH
2026-12-05T01:52:32,-34.15057886954496,-57.775218786553,PURCHASE,LOW
2026-01-30T15:54:26,1.8869912175866972,-138.9504096581211,UPLOAD,LOW
2026-12-18T19:48:42,49.72108127838035,-53.60409541535023,LOGOUT,LOW
2026-02-09T22:12:27,-63.640040710015015,-108.98215098336603,UPLOAD,LOW
2026-10-23T05:43:12,46.6474284082027,-152.87282151153232,ERROR,HIGH
2026-10-20T23:56:41,11.472386991812925,28.60851229433632,UPLOAD,CRITICAL
2026-09-04T17:24:34,87.57575059245468,-63.64503300839014,PURCHASE,LOW
2026-06-20T18:53:11,-77.7084734707639,-20.80509701893746,PURCHASE,HIGH
2026-08-18T16:25:54,-79.88901836164595,2.6412787043201433,PURCHASE,HIGH
2026-06-25T12:08:33,-83.23069579720342,-47.25446418366741,PURCHASE,LOW
2026-09-08T08:43:37,65.56500610654305,127.9056137241925,UPLOAD,CRITICAL
2026-07-16T22:12:52,-20.793154215156306,28.91858666802861,LOGIN,HIGH
2026-12-20T00:57:34,55.7668651856348,54.66148367349956,PURCHASE,CRITICAL
2026-07-04T17:11:01,0.24611433710897757,164.7800491919706,ERROR,LOW
2026-11-11T22:45:30,71.84283011203922,-56.36240069822365,LOGIN,CRITICAL
2026-09-08T22:20:27,-58.939395941454315,-90.81225950461769,ERROR,HIGH
2026-07-23T12:40:22,4.094646347798204,-122.8513651266451,PURCHASE,HIGH
2026-05-31T10:59:02,-16.421508495482342,-58.18782713708896,UPLOAD,LOW
2026-11-03T12:07:41,23.559583399556303,-59.52623498642248,PURCHASE,LOW
2026-08-05T16:35:38,32.108282071214575,-77.70708940387907,UPLOAD,LOW
2026-05-10T11:09:33,-75.32964225938089,58.90035816218116,PURCHASE,HIGH
2026-09-12T18:52:23,35.726393306138576,-38.895125639270276,UPLOAD,CRITICAL
2026-12-31T06:48:51,-74.75057783927964,21.21194523278288,PURCHASE,LOW
2026-09-18T05:56:15,36.50955698797563,160.95910479097722,UPLOAD,LOW
2026-09-08T21:23:15,30.682087214389043,3.055855112210736,LOGIN,HIGH
2026-04-30T22:50:25,-57.552673882167966,-102.89064196479588,ERROR,LOW
2026-03-29T23:32:03,89.99579179854513,-124.21973774001427,PURCHASE,LOW
2026-07-17T04:00:39,48.757449665358195,120.64313758844014,UPLOAD,LOW
2026-09-15T01:37:39,-29.38241304642932,95.87073760100697,LOGOUT,CRITICAL
2026-05-27T07:17:01,-62.23450296219812,-114.89545181926923,UPLOAD,LOW
2026-10-08T01:54:45,-11.21878707509758,-32.09089986124795,LOGOUT,HIGH
2026-08-26T03:09:42,-38.71297213859552,89.4731465143571,ERROR,LOW
2026-07-27T09:20:40,-46.949670495806494,167.61478938985312,ERROR,LOW
2026-05-23T20:31:34,32.09522851171664,25.35098161100092,ERROR,HIGH
2026-10-26T19:41:13,-39.28108811332042,-42.52592369134422,UPLOAD,HIGH
2026-03-04T22:29:29,57.04042312462323,108.45332069455714,LOGOUT,HIGH
2026-01-21T06:21:03,25.412226516800487,134.68210021880532,UPLOAD,LOW
2026-10-04T06:44:15,62.26060981201891,126.41977731052037,PURCHASE,LOW
2026-10-24T08:45:51,-61.14377983583187,-18.245080665422734,UPLOAD,LOW
2026-11-19T17:55:00,-11.254939164903448,160.70877468423384,LOGOUT,HIGH
2026-12-10T13:20:49,-27.074685935043192,-170.39873131094214,LOGIN,HIGH
2026-07-14T23:02:43,-22.686932217776388,-40.98019750394579,LOGIN,HIGH
2026-03-29T04:51:10,-84.92624180493299,155.09732570998312,PURCHASE,LOW
2026-02-23T10:31:16,-83.10542559893213,150.2626217805905,ERROR,CRITICAL
2026-11-19T18:30:40,-65.01731547272648,73.99302310406895,ERROR,CRITICAL
2026-01-03T00:56:40,73.05434803858876,-173.15860143205066,LOGOUT,LOW
2026-08-02T03:13:34,79.24067088143721,39.19683568177925,ERROR,LOW
2026-10-29T10:27:11,-38.141715952938505,-71.58556994896081,LOGIN,LOW
2026-06-13T01:03:27,25.011311791105854,44.211804602748884,LOGIN,LOW
2026-11-21T22:29:41,72.92643941915972,34.8260554148209,LOGIN,CRITICAL
2026-07-20T03:38:59,13.508542355514038,78.67595800524697,PURCHASE,HIGH
2026-01-01T14:34:50,20.66572489967112,-93.39687402964432,ERROR,LOW
2026-09-16T00:23:21,30.278682525534265,8.45444076415609,PURCHASE,LOW
2026-07-24T07:13:45,7.934752787046023,103.1084409043143,UPLOAD,CRITICAL
2026-01-08T21:31:46,-19.718328139188458,-10.751371862945035,ERROR,HIGH
2026-04-09T12:11:30,44.51698648127615,-51.44620445469616,LOGIN,HIGH
2026-04-04T15:27:23,41.9293838611155,46.172506491236305,UPLOAD,CRITICAL
2026-10-21T20:45:31,-30.14665049304272,-164.03915221372506,UPLOAD,HIGH
2026-11-12T22:27:07,25.703210916489667,118.93811643489698,ERROR,CRITICAL
2026-07-05T20:14:01,23.71245259650081,112.13916546513832,LOGIN,CRITICAL
2026-10-29T10:37:07,79.84892712818328,-166.68583552808076,LOGOUT,LOW
2026-11-04T05:40:20,-54.095429931266096,-164.91386090506248,PURCHASE,CRITICAL
2026-06-04T15:43:01,88.04208641330223,15.49105115550691,PURCHASE,LOW
2026-10-20T13:10:48,26.44208978413505,-77.00007760144248,LOGIN,CRITICAL
2026-05-09T21:45:44,-40.82101089950278,107.7632681465663,ERROR,HIGH
2026-10-16T16:07:47,-10.847405932584806,164.33233841651764,PURCHASE,LOW
2026-07-12T16:56:57,34.572328400270706,-47.75510629451449,UPLOAD,HIGH
2026-11-08T03:14:29,-75.12992880586806,-27.180121925370997,ERROR,CRITICAL
2026-11-16T08:46:34,-57.51783253114379,-74.2440891591004,LOGIN,LOW
2026-05-08T08:26:06,28.9654598624646,-69.66149180732911,UPLOAD,CRITICAL
2026-06-15T11:41:22,-60.00394102813554,-20.192982803606156,ERROR,LOW
2026-10-10T06:24:04,66.60669151015057,-53.07864828894637,ERROR,HIGH
2026-09-06T08:17:09,86.40491025497025,161.24557629711109,LOGIN,CRITICAL
2026-09-05T14:02:51,-16.882158328622552,4.710967007238764,LOGOUT,LOW
2026-02-25T10:48:03,62.76047579469622,64.11199391836155,ERROR,LOW
2026-02-19T00:32:56,-77.89799464882041,100.26553446247152,PURCHASE,HIGH
2026-05-29T16:27:41,80.90408013838555,-168.34128336731987,LOGOUT,CRITICAL
2026-06-24T17:34:56,80.78823526780016,-46.07518375055386,LOGIN,CRITICAL
2026-02-23T11:24:41,5.302778676532142,-36.70774345711803,PURCHASE,LOW
2026-02-14T01:25:03,-85.33559864445422,-113.02270218986403,UPLOAD,HIGH
2026-12-21T18:49:59,11.101087936736477,-85.76039642850151,PURCHASE,CRITICAL
2026-06-23T07:34:00,-51.377323423730445,40.275785794911314,ERROR,LOW
2026-02-17T15:03:49,-65.56888480850509,-153.34126589644427,LOGOUT,CRITICAL
2026-06-22T20:44:13,89.50723272414751,111.7847586087475,PURCHASE,CRITICAL
2026-05-15T22:14:18,37.71728762752586,17.998973095280604,PURCHASE,HIGH
2026-11-27T15:16:10,-61.64905512239309,75.44296483573913,LOGOUT,HIGH
2026-07-17T13:56:50,-49.63650925572782,174.64771682286954,LOGOUT,LOW
2026-11-03T22:48:39,-1.0760512595539922,-50.07725120002243,UPLOAD,HIGH
2026-07-01T12:32:17,54.65911073194556,18.59289621351391,UPLOAD,LOW
2026-01-26T12:49:00,-34.32767084487681,179.85421581637928,ERROR,CRITICAL
2026-06-09T12:53:16,48.44961906744564,116.40218382302061,LOGIN,LOW
2026-05-04T02:54:43,25.62094608954864,-18.009181561321412,UPLOAD,HIGH
2026-02-19T20:09:54,68.0328272970741,100.89465438179104,UPLOAD,LOW
2026-10-26T04:14:36,83.92763050813923,-24.257416866489052,LOGIN,LOW
2026-07-21T05:03:42,-62.45721597416389,-120.72345123955532,PURCHASE,CRITICAL
2026-03-29T13:32:07,-27.71584517846285,158.72545977535248,PURCHASE,LOW
2026-04-08T07:48:38,-54.665654493046745,164.28658573555134,PURCHASE,LOW
2026-08-31T17:37:50,-35.49157090040231,12.052090716616988,UPLOAD,CRITICAL
2026-03-07T11:48:01,16.525520156988932,29.032740410491357,LOGOUT,CRITICAL
2026-08-31T12:34:04,39.71389831870914,37.850006830267944,UPLOAD,LOW
2026-11-17T11:45:34,65.48061449160596,-150.75977223838683,UPLOAD,HIGH
2026-09-10T20:58:16,-52.05449165364639,25.969392880583086,UPLOAD,CRITICAL
2026-01-12T18:17:06,-0.3531491754991123,45.779043707310365,PURCHASE,CRITICAL
2026-04-28T07:43:16,-3.0699327284245044,109.6877355176639,ERROR,HIGH
2026-06-26T03:20:15,-76.86485540903776,-158.43130814351917,ERROR,HIGH
2026-07-08T01:32:51,-6.400411600439696,-57.530675393360156,LOGOUT,HIGH
2026-12-01T13:37:22,39.305319320238766,84.31191172963685,PURCHASE,HIGH
2026-02-20T18:49:43,46.919699063131475,5.392848269599966,LOGIN,HIGH
2026-04-04T21:09:36,-6.0349379326854375,-83.71019719649433,LOGOUT,LOW
2026-02-07T14:21:00,-80.89104747594774,160.33856137315883,UPLOAD,HIGH
2026-04-07T10:02:48,83.28345340308061,144.83189774671104,PURCHASE,CRITICAL
2026-10-08T01:24:14,-33.711314244790856,94.72369504990627,ERROR,CRITICAL
2026-07-01T07:01:56,-0.2232524884222471,-68.92542646040545,LOGIN,LOW
2026-06-02T17:16:58,0.9800033442788845,168.00718699889114,LOGOUT,CRITICAL
2026-05-18T01:13:14,-81.24153607266193,-78.71171818552979,UPLOAD,CRITICAL
2026-09-19T04:20:46,-5.294366393724772,13.208669744013719,LOGIN,HIGH
2026-02-22T00:21:50,68.8420315653467,81.90290280938109,ERROR,HIGH
2026-01-18T13:41:22,-17.89530821734381,25.301391797170538,LOGOUT,HIGH
2026-08-03T20:24:41,-38.051694532962784,-40.91442300727974,ERROR,CRITICAL
2026-04-19T15:11:08,58.55603723255041,44.366968310948494,UPLOAD,LOW
2026-02-19T23:13:46,85.51490677448112,-38.194663417701435,PURCHASE,CRITICAL
2026-12-31T15:38:05,-24.190852821665032,-128.06375062718365,UPLOAD,CRITICAL
2026-06-05T21:11:55,0.014022642715900702,-163.6907931118531,LOGOUT,CRITICAL
2026-05-10T08:09:51,54.713853934958166,6.95977571990997,LOGOUT,CRITICAL
2026-12-13T20:35:26,2.7910317865057124,-61.93229485085055,UPLOAD,HIGH
2026-03-05T02:37:43,-19.268174184033043,41.9401754897458,PURCHASE,CRITICAL
2026-05-11T15:13:40,1.3166975162333756,3.4970762702996865,ERROR,CRITICAL
2026-08-07T14:50:03,-36.03769834726553,113.66957996777671,PURCHASE,HIGH
2026-09-19T16:19:50,-70.2711738915619,-30.04550300439621,PURCHASE,CRITICAL
2026-12-05T16:33:10,33.847857216498895,-170.40702421302007,ERROR,HIGH
2026-09-12T14:33:02,50.92271845765586,99.41832906194594,UPLOAD,LOW
2026-10-08T03:56:11,-80.75607027833023,-7.038437862810952,UPLOAD,CRITICAL
2026-10-08T01:54:40,21.552444990196093,122.82016498497512,LOGOUT,CRITICAL
2026-04-05T01:26:08,-84.31730759842212,161.35386148234846,LOGIN,LOW
2026-01-08T08:30:32,-10.613058086748069,-29.239092659091597,ERROR,CRITICAL
2026-03-21T04:24:29,-16.132066321913086,98.99002865055274,ERROR,CRITICAL
2026-10-10T11:52:44,-78.78936851740225,-130.29030511732432,LOGOUT,CRITICAL
2026-05-07T05:40:52,89.6621163129868,-7.7864459963755905,ERROR,HIGH
2026-03-09T06:10:37,-7.260564236474423,11.92574324635956,UPLOAD,HIGH
2026-09-20T11:33:06,48.958161146773335,79.53284207782536,PURCHASE,CRITICAL
2026-07-08T00:53:08,-55.392449555391586,-91.25311121015027,UPLOAD,HIGH
2026-03-29T07:54:45,79.46739833894304,173.6137067313585,PURCHASE,CRITICAL
2026-03-22T11:58:08,34.24318408144926,-3.958891375849646,ERROR,HIGH
2026-08-06T16:07:22,78.0660674587441,106.34592816084006,PURCHASE,HIGH
2026-02-17T07:56:56,13.225824697256115,15.548715715780133,ERROR,HIGH
2026-10-28T05:28:54,54.830850112182645,-75.4370452825432,PURCHASE,CRITICAL
2026-01-31T16:36:27,-27.654567462789032,-20.744599728659267,PURCHASE,CRITICAL
2026-07-06T01:20:32,-51.482374546138644,118.06261326289211,PURCHASE,CRITICAL
2026-09-28T08:47:12,-41.108135992965614,-140.6784306344112,UPLOAD,LOW
2026-04-05T03:52:21,-80.86222260765648,145.86630874257486,LOGOUT,CRITICAL
2026-04-01T10:11:38,-80.55160076889669,-31.21150822262689,ERROR,LOW
2026-09-22T13:10:10,48.73789045769024,-178.13467929343318,UPLOAD,LOW
2026-06-08T00:39:08,27.520703586233964,137.03308460283176,ERROR,HIGH
2026-09-10T15:27:36,-54.0979245598317,167.00905400073685,PURCHASE,HIGH
2026-09-08T20:12:17,-79.35073447653167,96.74099767361474,UPLOAD,LOW
2026-07-27T19:58:50,42.963574008354385,126.11991656721364,LOGIN,LOW
2026-06-12T06:58:13,68.80409516966998,-116.71606528600948,LOGIN,HIGH
2026-11-03T00:19:31,-0.8308984820835974,157.17914811999458,PURCHASE,LOW
2026-01-04T14:22:34,-36.28940208082546,37.001867582114386,PURCHASE,HIGH
2026-06-26T10:50:25,88.0379046159702,15.588174080510981,ERROR,LOW
2026-11-27T12:27:06,0.7582812327425046,-81.77865066072272,LOGIN,HIGH
2026-03-05T02:33:22,41.60146208557936,53.382721935327,LOGOUT,LOW
2026-10-14T01:46:35,-29.31980772064494,-73.79126724301848,LOGOUT,LOW
2026-08-26T06:30:31,64.1063707692224,142.93539424223104,ERROR,CRITICAL
2026-05-08T08:29:52,-74.38720142729593,60.932107227583515,LOGOUT,LOW
2026-07-05T10:11:41,-31.751699384685097,-90.7030498798278,PURCHASE,HIGH
2026-04-02T11:13:01,-9.587606074838376,-83.88204229285914,PURCHASE,HIGH
2026-08-15T04:55:39,40.118855112179546,-175.88313569009952,PURCHASE,CRITICAL
2026-04-02T18:29:58,-78.8176202759035,-137.43905479056986,PURCHASE,LOW
2026-06-07T10:45:24,33.493251580399885,152.3181650209621,PURCHASE,CRITICAL
2026-02-15T14:23:38,24.968038535889008,158.6288245485241,PURCHASE,CRITICAL
2026-03-27T18:27:50,-50.55685183163809,-131.9152384091505,LOGOUT,HIGH
2026-10-18T09:23:37,87.9908331411556,-45.495056884702905,UPLOAD,HIGH
2026-10-22T03:01:06,6.753183784776155,59.07399816227897,LOGOUT,LOW
2026-09-22T05:14:46,45.85311895047576,134.328621055584,LOGIN,CRITICAL
2026-06-23T11:59:34,5.0711623331748115,-49.75744733127226,UPLOAD,LOW
2026-01-24T23:37:36,59.179329712516534,145.03973768633114,LOGOUT,CRITICAL
2026-07-28T10:02:06,-63.02657135116543,-61.877650412805664,UPLOAD,HIGH
2026-02-15T03:26:07,32.45314282903274,78.09046782503401,ERROR,LOW
2026-12-16T02:15:21,1.867563725910216,111.12914994380537,ERROR,LOW
2026-07-19T07:48:59,-15.223576707961229,23.008026635536822,UPLOAD,HIGH
2026-09-19T06:38:58,55.24476345979065,80.38082873700085,ERROR,HIGH
2026-11-14T01:53:44,-89.45721511360404,-101.55552887773473,LOGIN,LOW
2026-06-14T13:08:45,-27.98480401881578,-157.04643163965005,LOGIN,LOW
2026-12-29T15:25:08,-5.027183847782936,-76.64734551912477,LOGOUT,LOW
2026-10-25T10:01:52,25.47450003102415,82.54421973613717,ERROR,HIGH
2026-12-13T03:49:52,-21.15366860675303,133.06330271185504,ERROR,HIGH
2026-02-01T03:59:02,32.89146373827745,58.24531372516853,UPLOAD,LOW
2026-09-11T19:22:45,64.85158460288181,-137.29205977730078,UPLOAD,HIGH
2026-07-25T09:10:11,-67.07752428193047,172.34077572948092,LOGIN,LOW
2026-04-26T20:56:40,-6.659297784939611,78.87383100390673,ERROR,CRITICAL
2026-05-28T07:06:46,58.20487872764119,-90.89566613864079,PURCHASE,LOW
2026-04-18T01:14:30,-56.07351877738637,135.07494286454187,LOGIN,LOW
2026-11-11T08:53:00,28.835583444411355,41.37235459520849,LOGIN,LOW
2026-03-22T00:49:11,-77.88763747989084,33.819893092568634,ERROR,CRITICAL
2026-09-18T23:42:51,36.59152803568716,-162.47652435225032,LOGIN,HIGH
2026-06-20T11:25:47,-47.818929872238904,-101.78308433608078,LOGIN,LOW
2026-07-15T16:38:58,88.82701942374871,-95.70185382900351,UPLOAD,HIGH
2026-08-13T06:27:19,17.625181369907224,62.111484517288915,PURCHASE,LOW
2026-04-28T04:38:54,67.7264979912853,174.85040186104527,UPLOAD,LOW
2026-06-10T14:39:37,-35.90982832366448,-158.05525064156564,UPLOAD,CRITICAL
2026-12-21T00:31:10,-58.47602611274448,64.35004438305054,UPLOAD,HIGH
2026-01-19T04:59:29,85.01224236186346,158.97110753948823,ERROR,CRITICAL
2026-05-04T18:49:13,35.33551331563616,-33.026696341348156,PURCHASE,HIGH
2026-03-13T09:52:34,45.79489750286257,-9.533224651600818,LOGOUT,HIGH
2026-11-30T00:51:49,37.363823547835,110.07941757655931,LOGIN,CRITICAL
2026-06-10T06:25:58,84.2015139383928,20.623232951738316,LOGOUT,HIGH
2026-04-05T07:36:19,-44.100783790643426,-61.105322295322225,LOGIN,HIGH
2026-11-25T23:51:19,-23.206051166031386,12.828793084997614,LOGOUT,LOW
2026-04-15T06:14:36,-22.10976450695884,37.78900069782088,LOGIN,LOW
2026-03-15T01:48:32,54.837111213098126,31.53012797795148,UPLOAD,LOW
2026-07-06T04:16:40,-52.39996406059495,146.5318179120656,PURCHASE,LOW
2026-03-24T06:11:29,78.6887573764046,166.34792020120523,LOGIN,CRITICAL
2026-10-20T22:52:19,-3.7942422583741546,-92.66645453553305,UPLOAD,CRITICAL
2026-03-21T10:12:02,-18.606229240277685,-93.84085477330875,PURCHASE,HIGH
2026-05-28T20:01:28,-6.074917047791033,53.53968239824053,PURCHASE,HIGH
2026-05-20T16:07:50,2.306977204279235,-0.9801744836460102,LOGIN,CRITICAL
2026-07-02T07:58:04,47.09321447574803,-64.71601747602985,LOGOUT,HIGH
2026-05-02T12:38:40,-15.492569295847574,22.508901887167553,LOGOUT,CRITICAL
2026-02-26T16:05:53,-87.08041781977312,19.192162875182703,UPLOAD,CRITICAL
2026-10-07T14:59:51,-14.835946760068751,-125.13189233370842,PURCHASE,LOW
2026-05-28T12:21:47,12.562112286726304,-91.53719410487614,UPLOAD,CRITICAL
2026-09-23T23:13:59,-29.23842887342859,94.80982523987512,ERROR,CRITICAL
2026-09-07T05:01:32,43.12693631877903,-14.1015605586461,PURCHASE,LOW
2026-02-24T08:30:28,39.65643553717686,-4.206124348512333,UPLOAD,CRITICAL
2026-01-23T19:25:20,4.309994772734299,122.06465769418372,LOGIN,CRITICAL
2026-01-19T20:11:12,47.58099184296344,-31.53879993038663,LOGOUT,LOW
2026-10-02T15:17:53,-62.81466363634569,-101.26091791641826,ERROR,HIGH
2026-01-24T11:26:09,21.210342457824538,60.03170263920228,UPLOAD,HIGH
2026-09-14T00:58:31,-2.1862108794471737,-177.6195514828228,UPLOAD,HIGH
2026-01-05T14:27:32,-86.98929343152662,79.98937978525953,UPLOAD,HIGH
2026-01-07T15:46:50,0.3988858041785619,71.22926743814244,ERROR,LOW
2026-02-11T13:27:55,75.24879200262203,8.778744441293895,LOGOUT,LOW
2026-08-29T16:46:34,4.762077372038917,113.47718065678174,PURCHASE,HIGH
2026-01-31T16:30:45,-22.850714976537205,-33.83013244540106,UPLOAD,LOW
2026-09-28T18:42:48,-49.345694527064005,66.25498516933877,LOGIN,CRITICAL
2026-11-30T07:10:56,26.98100132290611,-168.59357868388162,ERROR,HIGH
2026-05-27T11:28:30,9.486259115345149,-159.79862191357233,LOGIN,CRITICAL
2026-03-08T13:24:38,-75.11649794895568,124.31872603451814,PURCHASE,CRITICAL
2026-11-30T04:46:10,85.29115421448,142.12483637137188,LOGIN,LOW
2026-03-24T02:32:59,72.22913262442529,69.22357648253106,UPLOAD,HIGH
2026-04-16T06:47:20,-81.6188452664862,-153.23469842676562,PURCHASE,CRITICAL
2026-08-07T20:17:33,28.459663286226387,-115.43237884077513,PURCHASE,LOW
2026-03-22T10:51:12,15.66649873520791,90.8116091448714,ERROR,LOW
2026-04-27T05:27:46,-60.75895487135294,-93.43001005045676,ERROR,CRITICAL
2026-12-15T04:13:32,7.301237581009929,-41.81536293015381,LOGOUT,CRITICAL
2026-10-09T05:41:37,-75.88301561666495,88.36436205175812,PURCHASE,LOW
2026-02-07T22:29:51,-11.324114488170153,121.92287674074299,PURCHASE,CRITICAL
2026-10-26T15:39:07,20.495742051858528,34.419118335940624,PURCHASE,LOW
2026-09-04T06:27:15,-40.80113484681648,177.33091624228706,ERROR,LOW
2026-05-19T04:24:02,9.54679049108708,-44.84628144305006,LOGOUT,CRITICAL
2026-08-16T12:45:06,28.920943352677583,-149.15011765077514,UPLOAD,HIGH
2026-11-06T22:24:48,-45.639039364758624,-153.53759385992825,PURCHASE,LOW
2026-05-28T13:51:23,38.10188786015101,48.204317506698345,ERROR,HIGH
2026-05-21T01:58:11,-70.820834811973,-178.12971994678915,PURCHASE,HIGH
2026-05-20T18:40:27,47.042368416174924,-143.1966909192315,LOGIN,LOW
2026-06-17T09:01:12,-9.208138136138743,19.706400219192375,ERROR,LOW
2026-01-11T04:46:43,-73.86860844713024,19.519129943125904,UPLOAD,CRITICAL
2026-11-01T15:29:55,-31.602540496965723,-41.314349737445866,PURCHASE,HIGH
2026-05-31T14:33:13,50.25043901239269,80.94378385252486,UPLOAD,LOW
2026-08-11T03:03:27,3.798815537429789,66.71375704604034,LOGOUT,LOW
2026-04-15T10:30:23,-35.79637223248763,-2.475380804117492,LOGIN,LOW
2026-06-18T19:28:35,-40.326863111567356,-72.08918858823723,LOGIN,HIGH
2026-04-08T18:00:41,79.96001321365097,79.52380288401338,ERROR,CRITICAL
2026-08-28T11:46:11,-54.80131952155312,-141.48994767087527,PURCHASE,LOW
2026-06-03T16:06:59,-30.200901243907147,43.26918763488817,PURCHASE,HIGH
2026-05-10T23:58:03,-12.489080229509,116.47268645035507,UPLOAD,LOW
2026-04-27T16:15:35,-32.28027203248422,161.02041192580185,LOGOUT,HIGH
2026-05-03T00:24:01,-58.02529116255468,-36.63375028415712,PURCHASE,HIGH
2026-10-13T09:31:31,35.092398180979814,-3.2373673588431586,UPLOAD,LOW
2026-05-07T13:28:47,-22.310045581653526,113.9380255558487,ERROR,HIGH
2026-02-14T05:30:41,77.77208746592024,-108.07198246418142,UPLOAD,LOW
2026-09-22T18:01:20,48.17122339470569,-170.31020087687926,ERROR,CRITICAL
2026-03-23T10:03:52,-11.078108224396459,-75.12076512529369,LOGIN,HIGH
2026-09-19T08:36:22,-0.12542124798714838,48.000974275318896,LOGOUT,HIGH
2026-09-13T19:11:01,-62.25421779794583,-27.67393615791474,ERROR,LOW
2026-06-24T09:36:18,88.32611059865425,-7.475508081854571,ERROR,CRITICAL
2026-07-16T17:58:19,76.22923572116039,133.06814081233136,ERROR,CRITICAL
2026-01-15T06:40:34,52.329765068866664,-50.56938251414644,UPLOAD,CRITICAL
2026-09-05T20:16:19,74.59222477150522,-140.6270069120567,LOGOUT,CRITICAL
2026-09-16T03:23:45,-26.098412499271873,52.91994527402554,LOGIN,CRITICAL
2026-09-08T12:07:35,31.944941255553417,-36.13761135897039,PURCHASE,HIGH
2026-02-11T03:28:29,-88.10140089877561,-86.85418665468404,UPLOAD,CRITICAL
2026-07-21T11:32:44,10.4388149417437,67.55918716702419,LOGOUT,HIGH
2026-05-26T07:02:49,-19.595849638049486,98.04320368647552,UPLOAD,CRITICAL
2026-07-14T08:40:45,-62.86591215361559,179.17298114927524,ERROR,LOW
2026-04-25T17:37:40,-15.124422865371741,166.22203164478935,LOGIN,CRITICAL
2026-02-25T00:30:30,-27.300842582134457,-56.49599489629459,LOGOUT,CRITICAL
2026-07-07T13:11:47,-27.30594660558362,-144.8557087947448,ERROR,HIGH
2026-01-27T02:06:36,-35.952465027250746,111.66693729073131,LOGIN,LOW
2026-11-26T18:55:52,-28.24596943978529,-140.62943455748143,LOGOUT,CRITICAL
2026-04-05T17:26:00,2.878902341437197,18.687704337007204,PURCHASE,CRITICAL
2026-06-15T14:03:02,82.52327191211094,-96.53200293189228,ERROR,CRITICAL
2026-03-13T15:12:54,-56.450353448940845,56.63084801709951,ERROR,LOW
2026-10-14T08:57:27,20.53924872694556,-108.96320311839132,UPLOAD,HIGH
2026-06-01T00:12:43,-89.19899220129543,-102.67340217469328,PURCHASE,CRITICAL
2026-11-11T01:54:28,53.281449163418074,27.845245872666965,UPLOAD,LOW
2026-05-23T01:26:17,-31.322715912212672,-15.281848005773242,PURCHASE,CRITICAL
2026-12-02T00:21:19,-1.892883814955482,167.72990398167883,PURCHASE,CRITICAL
2026-05-31T22:22:49,20.03551580502034,31.321697243478468,PURCHASE,HIGH
2026-11-25T08:47:49,-7.585094488223774,-117.8900953162777,PURCHASE,CRITICAL
2026-08-18T04:46:04,-74.744645647855,-131.77880292574417,LOGIN,LOW
2026-04-29T14:20:52,-68.94919728526465,-45.609814452848184,LOGOUT,CRITICAL
2026-05-31T20:44:24,-14.71696088197345,-130.3677725275593,ERROR,HIGH
2026-03-14T03:20:59,-2.3993611753709985,13.456537199287482,LOGOUT,CRITICAL
2026-03-06T19:17:57,-1.8644352854024078,-129.49324736479306,PURCHASE,HIGH
2026-08-29T13:19:10,-80.34997272644938,-50.74589801830723,LOGIN,HIGH
2026-02-23T00:35:44,-54.87687150583515,-41.78009668753691,UPLOAD,CRITICAL
2026-09-11T15:03:04,-0.9054273840473428,66.49080140159515,ERROR,CRITICAL
2026-11-23T04:21:32,-10.106686294332803,-119.78874452589884,UPLOAD,LOW
2026-11-06T02:08:51,46.990191338176345,-74.84763255886561,PURCHASE,LOW
2026-07-28T18:52:31,-38.03934417458166,101.0664710747875,UPLOAD,CRITICAL
2026-10-28T00:39:57,47.865519889864316,17.901426433698475,LOGIN,CRITICAL
2026-02-14T08:28:59,-41.77999630927784,15.518225553496222,PURCHASE,CRITICAL
2026-11-16T11:17:22,46.22152363873937,93.601487121231,ERROR,CRITICAL
2026-03-26T20:57:30,88.15963101780298,-143.13008200410061,LOGOUT,HIGH
2026-12-06T17:49:07,89.8762804702034,-18.096356581051054,PURCHASE,LOW
2026-06-20T12:25:41,65.75228466773319,-137.741030460392,LOGOUT,LOW
2026-11-11T20:17:49,42.77033676077647,68.08809136023447,UPLOAD,CRITICAL
2026-06-16T06:48:22,-60.12330881575335,-129.8754122663606,LOGOUT,LOW
2026-11-09T19:14:58,-79.3155899449186,-53.70642757698086,PURCHASE,CRITICAL
2026-07-29T05:41:12,-59.69207437144481,172.4400563050758,PURCHASE,HIGH
2026-08-11T10:16:57,-41.87824806994558,128.88606418065274,LOGIN,LOW
2026-10-19T07:23:02,51.424388692433524,150.75673625873713,PURCHASE,CRITICAL
2026-02-19T06:41:00,36.25677493135767,-132.23129175689962,LOGOUT,CRITICAL
2026-05-06T02:09:32,59.12672448575387,94.13049149274849,ERROR,HIGH
2026-02-25T05:08:08,13.936595274749067,-83.26182524850506,ERROR,HIGH
2026-06-25T12:52:05,-76.40707080026719,106.05550704035926,LOGIN,HIGH
2026-07-20T05:51:57,44.96442891717419,70.09330166191606,PURCHASE,HIGH
2026-07-09T12:54:15,-31.087929571032547,-179.1096893488855,LOGIN,CRITICAL
2026-06-28T01:03:24,24.27129819650864,71.0240320038809,LOGIN,CRITICAL
2026-06-04T10:58:50,-50.790611697262946,-25.328483753315,LOGOUT,HIGH
2026-04-15T06:56:41,-31.884273073808473,-77.90649263864866,UPLOAD,CRITICAL
2026-02-20T17:13:35,11.905579965085252,-5.278354556938183,PURCHASE,CRITICAL
2026-10-24T00:43:20,-81.28633299268986,-144.1530929101659,ERROR,LOW
2026-02-18T05:58:27,77.29791756255392,-123.12593460930185,ERROR,LOW
2026-06-16T03:22:42,-53.58272284846805,67.89307748814372,LOGOUT,CRITICAL
2026-04-28T05:35:25,-61.38405667695251,155.7812025813327,PURCHASE,LOW
2026-09-12T05:12:07,-25.121630988493038,-150.32860894602723,LOGOUT,LOW
2026-06-03T22:10:16,22.60876934969174,81.3558108493603,LOGOUT,HIGH
2026-09-12T13:33:54,-73.58414630095923,-145.73387592739562,LOGOUT,HIGH
2026-01-31T06:26:29,-66.1140374328024,-98.57128987461383,ERROR,LOW
2026-01-04T03:08:54,35.20747931184876,114.15924968878744,ERROR,CRITICAL
2026-02-21T07:57:42,-4.013956541202262,-97.57912771474443,LOGIN,CRITICAL
2026-11-10T00:03:43,-71.5631093190888,-67.19346812127377,PURCHASE,LOW
2026-05-29T15:13:07,49.22288705711236,91.13680835678446,LOGOUT,CRITICAL
2026-09-20T23:22:30,-64.2864479697191,10.982979556805162,LOGIN,CRITICAL
2026-09-10T10:37:39,-60.45902103768367,-53.572421222362465,LOGOUT,CRITICAL
2026-10-18T14:22:15,-62.75265644802943,-31.7844380305159,ERROR,LOW
2026-02-03T15:59:27,71.3867302096167,-129.59526903271353,LOGIN,CRITICAL
2026-10-11T12:10:42,-20.874256318238267,166.76953579917506,PURCHASE,LOW
2026-04-07T05:32:11,-40.14582174992783,-149.6704622407248,UPLOAD,CRITICAL
2026-08-22T00:28:43,39.81233499472407,-77.42850839772021,LOGIN,CRITICAL
2026-12-07T03:18:03,-35.70311995610425,6.38968600700548,UPLOAD,LOW
2026-10-18T10:24:28,-19.48481713833236,52.62111887071197,LOGOUT,HIGH
2026-05-30T20:42:51,-69.70614073131446,-0.150285141843284,UPLOAD,LOW
2026-07-25T03:59:13,69.9704150556434,-175.65587553920068,PURCHASE,HIGH
2026-02-21T06:10:10,-20.369115211468056,122.03038904530507,ERROR,HIGH
2026-08-01T04:24:32,32.929568820436714,94.58133764241086,LOGIN,LOW
2026-08-17T02:37:28,-77.8441375309019,-85.61330022165585,LOGIN,LOW
2026-11-03T12:42:57,-18.364495700672947,-76.86439196552747,UPLOAD,HIGH
2026-06-14T12:00:26,36.325914952232935,-150.3259877071275,UPLOAD,CRITICAL
2026-08-28T05:58:29,-62.51752011519528,-149.90505343998612,LOGIN,CRITICAL
2026-12-24T15:38:30,-53.424451087590995,110.90162914943517,UPLOAD,HIGH
2026-06-01T17:52:53,15.558689342237741,94.76068720541542,LOGIN,HIGH
2026-09-29T08:07:52,-11.252512250896487,163.23407161778596,LOGOUT,LOW
2026-04-05T22:42:59,-74.48169628953193,-23.585908101833127,ERROR,CRITICAL
2026-08-25T10:43:45,-80.0948484564408,59.788648389351806,LOGOUT,LOW
2026-01-05T22:02:45,37.422109281257704,72.53986004059178,LOGOUT,HIGH
2026-05-15T15:31:33,4.140965291113488,101.87535655574851,PURCHASE,LOW
2026-05-25T10:04:27,-67.15249065339754,101.20463277731551,PURCHASE,CRITICAL
2026-12-11T05:59:03,-68.74979034917466,143.96307357078973,PURCHASE,HIGH
2026-04-16T15:02:34,4.293758060760467,-85.33812570246783,UPLOAD,CRITICAL
2026-01-30T22:20:41,-0.693437591674936,3.8814765933498734,LOGIN,HIGH
2026-11-30T17:48:49,12.039503082920973,-47.632399971547784,PURCHASE,LOW
2026-12-14T07:11:08,13.304214934570169,80.20021439731192,LOGOUT,CRITICAL
2026-07-17T14:35:30,-89.53766891414806,129.1280432839264,LOGIN,LOW
2026-01-18T20:34:44,-5.082373876007139,-42.12738922773633,LOGOUT,LOW
2026-12-28T15:02:27,82.86158617099625,-167.26911336905272,ERROR,LOW
2026-05-05T23:24:43,-45.31262699569623,149.7077153571222,PURCHASE,HIGH
2026-11-17T18:51:00,-75.98032740595585,-45.789059974369934,UPLOAD,CRITICAL
2026-12-17T06:41:58,-80.51901316432668,-99.65337805776534,UPLOAD,LOW
2026-06-05T16:53:25,-77.59324120090588,-12.566095949920992,PURCHASE,HIGH
2026-05-08T02:39:56,-74.45060596200489,-15.571376659952847,PURCHASE,LOW
2026-04-24T05:51:47,11.48521334835364,-70.59264938349014,UPLOAD,LOW
2026-06-30T04:06:36,-23.710747014698626,169.86878825433433,LOGOUT,CRITICAL
2026-12-16T16:44:23,8.380663669756032,106.55047482435162,LOGOUT,LOW
2026-12-29T02:34:29,-16.193500278116417,-96.12081293049253,PURCHASE,CRITICAL
2026-11-23T01:23:48,34.82294513207488,-176.54586477312077,PURCHASE,LOW
2026-10-22T17:43:56,28.31469303167961,125.64215560041185,PURCHASE,LOW
2026-03-21T16:33:00,5.366608030802254,-94.25966597248836,ERROR,LOW
2026-02-25T07:01:01,38.0974454460185,-146.51041019108823,LOGOUT,CRITICAL
2026-06-10T09:58:06,36.152443745762326,-45.90288933333093,LOGIN,CRITICAL
2026-02-07T02:50:32,0.9769974949396527,49.39764481176914,ERROR,LOW
2026-08-18T20:52:06,12.207731092057486,-23.40616376340529,LOGOUT,LOW
2026-04-24T06:37:03,-43.02163099375019,-66.59679045248701,ERROR,CRITICAL
2026-11-20T01:52:06,42.36351638082624,-65.49922106420378,PURCHASE,LOW
2026-01-30T00:08:14,79.83984348541702,-130.99973528998115,UPLOAD,LOW
2026-03-02T08:31:52,-70.98160498151559,-18.155970813484203,PURCHASE,HIGH
2026-02-16T21:20:52,6.466418836204255,167.26850001008233,LOGOUT,HIGH
2026-04-30T17:38:10,-6.597612889845493,126.8935868380135,LOGIN,LOW
2026-11-10T15:20:55,33.489871731092734,117.49920765827392,UPLOAD,LOW
2026-03-25T12:08:20,60.46645517783753,-61.994282801474895,LOGIN,CRITICAL
2026-04-07T09:34:00,84.31200075174641,-37.351993435282395,LOGIN,CRITICAL
2026-04-27T01:23:50,-43.169977310179696,176.64358334684658,LOGIN,HIGH
2026-11-28T21:27:41,-8.603789507808713,89.3082409951353,LOGOUT,LOW
2026-06-29T10:33:18,-71.65667724086782,105.77150739971916,LOGIN,LOW
2026-01-24T22:47:54,59.46701974103448,173.72420549410378,LOGOUT,LOW
2026-11-16T21:11:33,-17.895274259126538,67.06269433280167,LOGIN,CRITICAL
2026-08-16T15:01:21,-43.41228257762535,112.58895298090118,LOGIN,LOW
2026-03-18T19:10:00,72.44929474799065,-20.364723419044026,LOGOUT,LOW
2026-12-18T11:56:17,62.5095782375642,111.19939505575564,LOGIN,LOW
2026-06-29T00:47:02,-80.88521383525391,152.68742119221616,ERROR,CRITICAL
2026-06-03T09:39:16,-0.6972495816140452,-42.21740211578722,ERROR,LOW
2026-05-18T10:59:24,-51.3511009253952,-112.6255990639818,PURCHASE,HIGH
2026-12-10T02:06:23,-63.246346367620696,41.07836799996758,UPLOAD,LOW
2026-09-09T09:04:19,-36.88107066005104,-31.682805733380576,UPLOAD,HIGH
2026-01-24T16:21:58,-74.21012080937865,-42.114500631355014,ERROR,LOW
2026-09-07T13:57:20,69.2374529204937,9.293060971000699,UPLOAD,LOW
2026-05-29T13:08:25,50.74483803217649,-50.71964045847659,UPLOAD,HIGH
2026-05-14T14:37:49,74.28186298770606,0.8615719957469992,ERROR,HIGH
2026-03-11T20:00:19,-85.30866580159991,34.96188699340274,LOGIN,HIGH
2026-01-23T18:06:35,55.5576990431222,-10.193621288272567,PURCHASE,CRITICAL
2026-04-01T09:30:00,85.31637511203039,-143.95163857021527,LOGOUT,HIGH
2026-07-27T06:20:50,56.931329089572245,150.21341372535858,LOGIN,LOW
2026-08-12T13:50:21,62.37091628372397,107.06064745658716,PURCHASE,LOW
2026-03-10T09:22:27,-47.420796106357045,-65.5184274149263,PURCHASE,CRITICAL
2026-01-11T22:54:15,36.621518925584425,-53.39442654608828,UPLOAD,CRITICAL
2026-02-25T04:29:21,11.359600355523312,-112.23588063410774,ERROR,CRITICAL
2026-05-01T00:35:00,-58.39978182108287,-166.3330531679641,LOGIN,LOW
2026-08-22T15:54:13,-50.61439049551609,9.521465093463917,LOGIN,HIGH
2026-12-23T11:24:45,20.544258179244295,110.32034879160102,PURCHASE,CRITICAL
2026-03-10T22:02:45,75.38054171529708,123.94227111755424,PURCHASE,LOW
2026-01-09T12:14:34,-63.41183658249936,73.69068302363672,LOGOUT,LOW
2026-11-25T17:46:25,4.733078143898425,-48.63965313284734,LOGIN,HIGH
2026-10-01T14:46:12,79.5461784242475,-37.585597552612455,LOGIN,HIGH
2026-04-28T04:39:18,-31.931423212876176,171.30984169767345,ERROR,CRITICAL
2026-07-09T05:01:59,26.85244781606653,-117.28703845600896,UPLOAD,CRITICAL
2026-12-12T11:40:29,77.19213761737655,103.31704533440768,LOGOUT,CRITICAL
2026-08-17T17:24:47,56.60176255973647,-43.781721067008675,PURCHASE,LOW
2026-03-11T00:21:40,41.18957206847983,161.56371751966356,UPLOAD,HIGH
2026-11-27T09:37:46,88.97096349857352,167.46621850351835,LOGIN,LOW
2026-08-22T22:40:09,-32.720955865182894,111.17049327724726,UPLOAD,LOW
2026-09-06T09:56:24,11.799044301657688,157.20760567953153,LOGOUT,HIGH
2026-10-17T11:06:12,-75.99480507642578,-55.148355114037756,PURCHASE,LOW
2026-09-05T01:41:25,69.35764561112472,-148.0586354747545,PURCHASE,HIGH
2026-01-05T10:12:53,-42.26176069868229,-90.16528927129964,LOGIN,HIGH
2026-04-10T16:13:31,51.66360109631887,79.34889167890861,LOGIN,HIGH
2026-06-20T04:30:27,41.86520900977834,168.8766570380467,ERROR,HIGH
2026-12-09T10:41:53,-21.831736540633372,16.56862836424355,LOGIN,HIGH
2026-11-03T07:29:46,65.52912968434384,54.34904272085183,LOGOUT,LOW
2026-06-25T06:18:13,-76.73230987895265,124.47449424884172,PURCHASE,LOW
2026-05-04T18:39:24,-42.997012203192845,-142.29898254042757,PURCHASE,LOW
2026-12-11T20:07:09,-22.417580865600655,83.51463069767408,UPLOAD,LOW
2026-05-12T05:55:39,16.925497929377073,40.91210128040177,ERROR,CRITICAL
2026-01-13T00:52:39,-12.361799853745055,55.3086630955263,UPLOAD,HIGH
2026-03-03T00:18:48,-80.35996632109281,-60.80595140160496,LOGOUT,HIGH
2026-09-28T18:20:39,9.740237816921294,153.20649611048879,UPLOAD,HIGH
2026-09-14T13:13:07,-39.32584677985225,-94.48261741899157,LOGIN,HIGH
2026-08-11T01:16:51,8.93927403668917,-3.258620684650708,LOGIN,HIGH
2026-01-02T11:33:49,-13.030927659771564,-73.96219837216266,UPLOAD,HIGH
2026-03-19T13:06:14,-72.54235845333022,-105.49692614749381,PURCHASE,LOW
2026-07-03T21:59:54,61.87843338244858,-68.99277595761743,ERROR,HIGH
2026-07-09T22:42:45,71.07794701298482,-84.59841703765635,UPLOAD,HIGH
2026-03-13T19:13:04,-23.21630552866546,-42.679732643182575,LOGOUT,HIGH
2026-01-18T07:51:35,-42.60672599708084,-12.579135784325814,LOGOUT,HIGH
2026-08-08T03:09:33,-78.90491346118212,90.80465116150333,LOGIN,LOW
2026-09-17T11:31:37,-28.1175504217116,14.921642162167956,UPLOAD,LOW
2026-08-03T23:56:37,-79.02292570960903,-40.64180512259992,UPLOAD,HIGH
2026-07-27T23:21:21,33.67222782999963,157.0901168207584,UPLOAD,LOW
2026-07-04T23:05:10,-36.20662037870357,-37.87042852491297,LOGIN,CRITICAL
2026-08-10T20:09:20,72.08191106488653,108.16212121944682,UPLOAD,LOW
2026-02-16T17:06:29,80.86586696128529,-18.345694972303306,LOGOUT,LOW
2026-11-10T23:24:00,-55.309304872799814,-164.6366757719594,LOGIN,CRITICAL
2026-06-19T02:09:33,-53.6545296049978,116.12305183560721,LOGOUT,CRITICAL
2026-04-11T03:40:30,-32.4450920228302,81.75708330499094,LOGIN,LOW
2026-05-31T17:20:46,10.14555671456381,18.73950896714365,PURCHASE,CRITICAL
2026-06-27T22:20:03,75.08914394098466,-175.54903296263348,UPLOAD,CRITICAL
2026-07-22T22:37:51,50.70341896658309,-139.49321665466383,LOGOUT,LOW
2026-08-09T01:02:17,15.828143990649835,93.01585962876226,LOGIN,LOW
2026-08-07T12:35:33,50.31804545356539,102.86842691148388,UPLOAD,HIGH
2026-12-07T22:33:39,-16.03979328614031,-42.104349764260974,ERROR,CRITICAL
2026-08-25T11:56:19,-4.8516091201914975,-118.00809786357664,ERROR,LOW
2026-08-29T02:27:22,19.55794753541285,69.71805114015314,LOGIN,HIGH
2026-12-12T11:25:57,68.21237370125152,68.58495150155233,LOGIN,CRITICAL
2026-07-04T13:21:16,75.75029692310974,142.93129037379214,LOGIN,HIGH
2026-11-14T10:35:20,52.857370783015256,-68.05825277473932,ERROR,CRITICAL
2026-09-23T23:17:00,-72.32086975090658,132.8040090357115,LOGOUT,HIGH
2026-10-16T20:00:24,-10.240089600342799,117.29639944071022,PURCHASE,CRITICAL
2026-06-11T20:36:12,18.89624384194512,-147.85673389094438,ERROR,LOW
2026-12-21T17:48:38,58.31449816592533,86.74012761120287,UPLOAD,HIGH
2026-11-15T20:26:12,-79.88295232691955,104.9365411492443,LOGIN,HIGH
2026-10-03T13:39:58,1.223149542579975,-131.16606443385848,UPLOAD,CRITICAL
2026-01-12T05:48:59,-58.72727591769831,135.06500020515006,LOGOUT,LOW
2026-04-07T21:25:04,-84.04721198856265,-161.7986585908295,PURCHASE,CRITICAL
2026-03-19T07:50:15,-40.684050274615394,116.46226500808183,UPLOAD,HIGH
2026-09-04T18:26:55,76.1532423071348,65.22276975961589,LOGOUT,HIGH
2026-07-09T19:49:21,16.927846821387234,-116.0698701010098,ERROR,CRITICAL
2026-08-03T02:48:09,-27.043217703962185,-121.1350987735737,PURCHASE,CRITICAL
2026-11-19T16:16:17,33.99309677087177,-77.3750244834857,ERROR,LOW
2026-03-05T06:24:25,63.687838785398384,100.7388486517246,LOGOUT,LOW
2026-09-09T10:01:04,-49.479832634440484,-105.5768449837708,ERROR,CRITICAL
2026-01-08T18:54:05,65.63338741998865,168.16980806236103,LOGIN,HIGH
2026-12-20T23:56:22,-66.18346365893723,-117.64776366642788,LOGIN,LOW
2026-04-09T00:26:57,19.501898921395835,159.48178850088635,PURCHASE,HIGH
2026-12-14T18:30:22,-22.234418591219864,-54.46468826205073,PURCHASE,LOW
2026-07-01T05:56:26,-35.61388357061665,7.429643398164899,UPLOAD,HIGH
2026-08-15T23:48:54,-71.58382146565197,4.144938288588634,PURCHASE,CRITICAL
2026-09-09T09:39:57,16.87905765793485,-78.23632398656508,LOGIN,HIGH
2026-01-25T19:00:16,-29.46894230019322,-80.46603001196604,PURCHASE,HIGH
2026-04-12T10:03:56,28.10152894256173,162.78760732154967,PURCHASE,LOW
2026-02-28T05:26:32,3.112845404337264,-93.49125203574201,LOGIN,CRITICAL
2026-06-06T22:28:13,28.895458262603213,65.07207013945745,LOGIN,CRITICAL
2026-07-13T03:51:02,89.54443792409324,-86.60654182368398,ERROR,HIGH
2026-05-31T18:59:04,42.61177723376022,29.88853286880868,UPLOAD,LOW
2026-05-14T06:32:55,40.77897778456264,-99.94925016854319,UPLOAD,CRITICAL
2026-11-01T19:46:14,-4.367663687655565,158.64046366417892,PURCHASE,CRITICAL
2026-04-27T14:01:06,62.17546396402713,122.629930054704,UPLOAD,LOW
2026-04-25T02:15:57,-72.43144851371233,-133.9401097094208,PURCHASE,CRITICAL
2026-11-10T22:18:39,10.625698099473695,148.54491461742379,PURCHASE,CRITICAL
2026-02-04T16:20:04,-49.99436792767785,-99.60194686118089,PURCHASE,HIGH
2026-11-03T01:32:06,69.6318389448306,-46.194325284650006,UPLOAD,HIGH
2026-06-30T02:33:44,63.21849987805385,-10.60683563855514,UPLOAD,CRITICAL
2026-08-30T00:55:15,-77.18116726726635,140.19338212933962,UPLOAD,LOW
2026-12-03T21:39:54,32.52559757754547,10.741861666799082,ERROR,LOW
2026-12-05T04:54:08,63.76315867260189,-130.54850669767538,LOGOUT,HIGH
2026-06-08T21:56:39,87.69448788831116,141.42424439179547,ERROR,LOW
2026-05-03T20:54:27,65.23090980068088,-115.07156312153622,LOGIN,HIGH
2026-05-10T04:19:52,23.585899007285136,-116.34326403715414,LOGIN,LOW
2026-06-25T13:26:29,-40.76498480373007,94.02958123739973,LOGOUT,CRITICAL
2026-10-24T21:30:17,-61.481678872377614,102.6759260511763,LOGIN,LOW
2026-08-27T15:21:58,-11.93194542804541,-25.41249971671661,ERROR,HIGH
2026-05-29T20:46:04,-89.15955523557547,12.161737023212964,PURCHASE,LOW
2026-12-13T10:06:07,-32.00163590734757,119.96231996396307,LOGOUT,LOW
2026-09-20T19:44:59,-89.2577098846164,84.09716672879699,LOGOUT,CRITICAL
2026-12-07T14:05:38,-28.017040668602235,-133.584911845811,ERROR,CRITICAL
2026-08-17T14:48:30,-34.899283423545704,-156.49667191070486,LOGIN,HIGH
2026-04-23T22:42:41,-7.93326384566916,7.3038284085181715,UPLOAD,HIGH
2026-06-18T10:03:10,69.83532789066751,178.37006753805423,PURCHASE,HIGH
2026-05-20T12:27:39,45.020804806923024,-120.64193679906158,ERROR,LOW
2026-03-30T17:00:45,-49.62215460173498,174.55662881757377,LOGOUT,CRITICAL
2026-01-09T12:14:47,16.144710263863487,-119.16549291954703,PURCHASE,CRITICAL
2026-09-10T15:28:32,52.58288790826066,-44.930724236697785,PURCHASE,CRITICAL
2026-08-31T00:02:13,-81.2543469152873,178.08488411654332,LOGIN,CRITICAL
2026-11-21T17:12:12,-86.44648202745387,68.30990941587339,ERROR,HIGH
2026-05-28T16:13:19,-67.75288866079725,-89.01421449495345,LOGOUT,LOW
2026-09-27T23:39:33,33.43320513856442,-176.65036269722935,ERROR,CRITICAL
2026-02-09T05:12:01,29.24693386000142,-82.80822616661193,UPLOAD,CRITICAL
2026-02-23T06:27:24,-14.6113646811434,143.50389300114756,UPLOAD,CRITICAL
2026-08-28T21:21:44,-68.80777768129693,-138.95548103367076,LOGIN,HIGH
2026-03-19T03:31:15,19.620325684211323,100.06520997492822,UPLOAD,LOW
2026-05-20T00:04:23,36.61861504432649,-73.67356763977934,LOGIN,CRITICAL
2026-07-12T18:21:40,73.86419294316258,67.7534095639345,ERROR,HIGH
2026-04-02T01:44:51,-89.50716016966932,61.78792768747374,LOGIN,CRITICAL
2026-09-17T19:44:10,-1.0612748053222276,161.80056566320178,UPLOAD,LOW
2026-10-09T00:06:06,40.24372472042057,145.72057822436955,LOGOUT,HIGH
2026-04-25T23:07:36,-42.45749590121266,-161.97112950733896,LOGOUT,LOW
2026-11-27T23:32:00,-37.6979080972177,108.57459696856102,PURCHASE,HIGH
2026-10-14T19:41:36,-69.13781034127084,126.44852424378274,LOGIN,LOW
2026-11-27T21:12:13,-65.08900031891537,52.991505424562234,PURCHASE,HIGH
2026-12-14T09:36:06,-11.211386979251742,43.85053199970258,LOGIN,HIGH
2026-11-13T12:01:03,-28.309909903135186,-139.02048003465012,ERROR,HIGH
2026-04-16T13:40:04,60.42750216594925,68.36487521411306,ERROR,HIGH
2026-09-09T23:41:15,69.50229960265548,-119.95965748503536,LOGOUT,CRITICAL
2026-10-10T02:38:32,-79.44364878026808,159.288115679964,LOGOUT,LOW
2026-06-11T13:39:33,74.02081702899227,-6.23705380547554,UPLOAD,CRITICAL
2026-06-20T03:58:24,-57.37309910328562,-43.289719518280464,PURCHASE,CRITICAL
2026-01-12T04:35:12,65.26363941433686,136.78208874071487,LOGOUT,HIGH
2026-12-24T10:43:51,-2.1379001414124446,139.53381410287568,ERROR,LOW
2026-01-25T14:20:05,-42.909683898871826,-66.87433984540647,UPLOAD,CRITICAL
2026-08-12T22:45:29,40.27923778967707,-99.36542904345397,PURCHASE,CRITICAL
2026-07-23T03:40:29,33.88349582332695,42.56604577814912,ERROR,CRITICAL
2026-10-10T04:53:14,-45.25614092687263,-55.530184515298686,ERROR,LOW
2026-11-22T20:21:16,58.75880763308675,141.14227738682166,UPLOAD,LOW
2026-01-05T12:32:16,25.81176898022632,-123.50614561137316,ERROR,HIGH
2026-12-04T15:32:27,-60.227302808495295,90.51480037713992,PURCHASE,LOW
2026-05-09T12:09:48,84.62610878101202,-161.87374277044418,LOGOUT,CRITICAL
2026-09-07T20:09:07,-21.845233346597425,114.15719005912541,LOGIN,HIGH
2026-06-22T12:08:25,54.227031790809974,-18.68450916046541,ERROR,HIGH
2026-05-03T17:54:25,-68.63276663034608,-0.9455946960596293,LOGIN,LOW
2026-06-06T16:19:48,-15.779061418401099,20.56716410573992,LOGIN,LOW
2026-11-04T11:57:18,18.756589691123537,42.863815348697614,PURCHASE,CRITICAL
2026-08-07T09:19:10,-52.7667752070183,61.73077348049617,PURCHASE,HIGH
2026-11-17T12:27:21,-80.23046160499779,-99.74947881732675,ERROR,HIGH
2026-08-06T12:59:03,48.13495197561707,35.98241456097455,PURCHASE,CRITICAL
2026-06-25T17:54:29,-69.4757954959671,93.35518238848215,LOGOUT,LOW
2026-05-13T13:40:44,-26.074983854747586,48.11802496907205,PURCHASE,CRITICAL
2026-07-22T17:15:13,-22.69973511712783,-141.7239974701396,LOGOUT,HIGH
2026-02-24T13:04:52,57.930958785370734,87.30392053545472,ERROR,LOW
2026-04-09T18:08:53,19.953317904963072,-112.4843758086228,ERROR,LOW
2026-06-27T11:58:39,58.4197458673691,-111.39164493945505,PURCHASE,LOW
2026-10-22T01:08:36,-15.395337876900555,153.58555099343187,UPLOAD,LOW
2026-10-27T20:54:52,70.51578388430792,-15.340364299383708,UPLOAD,CRITICAL
2026-02-22T06:53:54,83.4938561155584,-178.43845403990775,LOGIN,CRITICAL
2026-12-30T05:42:18,-12.09413162628637,30.643456085439794,UPLOAD,LOW
2026-09-26T16:12:30,14.13978942675179,82.97807822739998,LOGOUT,LOW
2026-05-31T10:52:54,28.35392600371155,38.21787862308702,PURCHASE,CRITICAL
2026-12-09T07:09:19,-20.760725026133258,172.62027367381546,LOGOUT,HIGH
2026-06-04T12:25:01,83.44683678235549,169.3769939683562,ERROR,LOW
2026-02-23T15:55:51,-15.705814894628531,72.00514256296506,UPLOAD,HIGH
2026-11-24T10:01:23,36.268975873329296,129.85471660649688,UPLOAD,CRITICAL
2026-03-26T09:46:46,-53.839965181438004,44.70033211393974,PURCHASE,CRITICAL
2026-05-15T02:22:09,75.81451759507706,-132.2381777071895,LOGOUT,CRITICAL
2026-07-30T16:23:13,34.97615527091874,-63.94269693101214,LOGIN,HIGH
2026-08-07T08:49:53,-3.5334139696871745,25.429749931115737,ERROR,CRITICAL
2026-10-18T10:38:30,70.8958802480256,12.205009333298108,ERROR,LOW
2026-07-23T00:11:47,-70.83531614729029,-42.886687127369555,LOGIN,CRITICAL
2026-01-22T23:35:41,-54.017564892350975,90.06660672121933,LOGOUT,HIGH
2026-09-23T09:39:34,-44.89901865752706,122.17745320746167,PURCHASE,LOW
2026-10-20T16:00:16,7.4109757379825965,-50.87432255559091,ERROR,LOW
2026-08-28T06:33:01,66.24636725779385,86.21729286222597,LOGOUT,CRITICAL
2026-09-09T07:35:25,11.028699502345916,-94.46562987616637,PURCHASE,CRITICAL
2026-09-16T01:31:44,-81.54362137044023,-42.63025388479477,ERROR,CRITICAL
2026-05-02T10:08:46,83.84997844235917,-160.63121076921013,PURCHASE,LOW
2026-08-30T00:03:15,66.39299303715288,129.76010585756978,ERROR,LOW
2026-12-20T23:40:07,24.081928929934136,75.4363631691609,PURCHASE,CRITICAL
2026-08-01T06:49:20,42.92100584961216,-109.2711305662034,LOGOUT,HIGH
2026-06-24T07:15:29,-58.06333827211263,65.75718661255266,LOGOUT,LOW
2026-10-13T11:26:14,2.4924334994232993,-44.20863826104758,ERROR,HIGH
2026-08-05T03:52:30,-42.4368728443088,-122.06561408761907,PURCHASE,LOW
2026-05-09T09:04:06,-6.06035912227577,157.49800216950513,LOGIN,LOW
2026-12-27T15:26:33,-31.92659461916641,-161.69204116971835,UPLOAD,CRITICAL
2026-04-27T22:57:58,-1.7008305923382068,26.16371659977483,PURCHASE,LOW
2026-11-01T11:42:09,37.38268105100556,9.142224186556945,LOGOUT,CRITICAL
2026-01-27T11:27:02,51.52648308072435,-122.62662269372309,UPLOAD,CRITICAL
2026-06-06T16:07:10,-73.44980029096804,-100.368690803477,LOGOUT,CRITICAL
2026-05-09T21:22:42,-30.408023409965573,-74.31323141872662,UPLOAD,CRITICAL
2026-07-04T09:59:23,89.39359486878098,116.52782433307283,LOGIN,LOW
2026-09-17T18:57:30,-27.718687651901675,-93.47476448402762,UPLOAD,CRITICAL
2026-04-05T16:38:01,82.60142689330803,65.71848987667008,PURCHASE,HIGH
2026-12-22T17:06:32,53.3171854175462,-139.18535009834667,PURCHASE,CRITICAL
2026-10-09T03:56:30,-39.09078102970846,148.08093358630248,PURCHASE,CRITICAL
2026-11-08T18:47:39,1.572406740488418,-4.750304700534059,PURCHASE,CRITICAL
2026-03-16T18:20:43,-32.34370371326026,-150.3556387025397,LOGIN,LOW
2026-10-28T07:51:03,6.835469573565192,-177.36098896193576,LOGIN,LOW
2026-09-18T07:58:34,23.312607103920044,-103.25695252878735,ERROR,LOW
2026-03-21T20:08:25,6.795758524349026,72.98743185631486,ERROR,CRITICAL
2026-11-14T04:42:08,79.15520007149644,88.88069724273436,LOGOUT,LOW
2026-06-28T08:17:21,39.036291090464346,-166.36092669138668,LOGIN,LOW
2026-03-11T03:00:25,52.95866165566025,20.910313914411887,UPLOAD,LOW
2026-12-20T19:00:37,-43.44336738158838,-40.30826268788252,ERROR,HIGH
2026-05-03T21:06:04,-86.95962570525457,62.38754363797659,UPLOAD,LOW
2026-09-07T02:29:35,39.65142258482339,-157.2344673265084,UPLOAD,LOW
2026-09-30T04:41:38,62.685223021105685,-51.22795005070279,UPLOAD,LOW
2026-04-23T13:28:22,51.64054157926259,-71.51374445584639,LOGIN,HIGH
2026-10-25T04:52:22,76.80435835407457,-42.691113187068936,LOGIN,HIGH
2026-03-02T17:02:25,6.024197485862899,-130.90267428136315,ERROR,CRITICAL
2026-04-25T13:23:54,82.82416771447822,-128.13280651494608,PURCHASE,LOW
2026-08-03T23:13:09,67.4580469721001,-129.1054081591617,LOGIN,LOW
2026-08-11T10:07:27,17.397879741599453,13.374737479605955,LOGIN,HIGH
2026-03-23T13:50:05,44.69338561190281,145.27669535083652,PURCHASE,LOW
2026-06-10T06:13:07,73.01304546198003,126.52518648295825,LOGOUT,LOW
2026-03-13T10:56:11,-50.25816551566657,120.50941207250236,LOGOUT,LOW
2026-03-12T10:22:44,30.776024043104115,24.22535201020841,LOGIN,CRITICAL
2026-06-29T03:18:11,26.041412494626854,-153.66795402292195,LOGIN,HIGH
2026-02-08T03:18:45,-54.46483335937512,29.014435227129923,PURCHASE,HIGH
2026-02-19T19:03:06,30.83320184040916,-95.56817445146874,PURCHASE,CRITICAL
2026-01-28T02:39:57,72.02134635172592,-65.59706259585886,ERROR,HIGH
2026-08-28T08:43:40,28.69600515828718,69.64492656514923,LOGOUT,CRITICAL
2026-08-09T03:32:08,-24.391181577846737,-66.12006258132152,ERROR,LOW
2026-01-02T21:02:11,-33.62133946782706,102.83764034322837,ERROR,HIGH
2026-11-23T06:23:35,-25.29252004492993,64.64886474512667,PURCHASE,HIGH
2026-06-29T18:03:34,-9.835564758081077,98.91610614932961,ERROR,CRITICAL
2026-02-12T06:23:37,-58.36137103885944,38.38595978551007,PURCHASE,LOW
2026-12-13T03:29:25,6.951246674044029,-85.23552578631,LOGIN,CRITICAL
2026-01-30T06:46:42,70.57893323416599,125.85141824621104,LOGIN,CRITICAL
2026-08-13T19:44:47,-17.075795840799472,32.41307226265849,LOGIN,CRITICAL
2026-04-12T05:07:12,7.824478305261337,179.54214300426662,ERROR,CRITICAL
2026-10-29T01:21:43,-63.246062950437135,-38.70059549517637,UPLOAD,CRITICAL
2026-11-29T21:20:56,-37.6201511614127,-12.707588818636992,UPLOAD,LOW
2026-06-04T02:18:20,-24.504199546649247,-176.18699402686764,LOGOUT,CRITICAL
2026-09-23T16:50:55,-60.14816063421151,5.089204985897595,ERROR,LOW
2026-03-11T13:45:14,11.944305827976237,23.692511896705525,LOGOUT,CRITICAL
2026-10-12T06:46:34,-2.969385169062434,-50.83360601550987,LOGOUT,HIGH
2026-04-01T00:03:56,-78.68499094557555,-47.00333323890925,LOGIN,CRITICAL
2026-03-22T07:16:26,3.219341362943453,104.92576457597681,ERROR,HIGH
2026-12-23T11:27:58,-8.164179036920103,-163.2825152995759,PURCHASE,LOW
2026-10-01T07:17:50,84.31945215051712,48.084113438971144,PURCHASE,CRITICAL
2026-04-13T06:17:01,14.153658285610462,25.25765465636499,ERROR,CRITICAL
2026-05-28T00:02:53,-24.246579961611417,55.20115676046592,LOGIN,CRITICAL
2026-04-08T16:57:19,-22.260819412161865,146.60727352085507,UPLOAD,HIGH
2026-05-18T01:14:52,57.10261774204295,-55.78836370058238,ERROR,CRITICAL
2026-01-03T13:29:41,0.33065720473351234,-129.97140945223322,LOGOUT,LOW
2026-01-30T22:30:51,2.617429165734791,-78.90857699404542,LOGOUT,LOW
2026-03-03T02:40:36,-24.79987004128361,78.22897504347435,LOGIN,CRITICAL
2026-03-31T10:59:00,-15.369536682880877,-61.119084512501686,LOGIN,HIGH
2026-09-20T05:35:39,-3.813364310385225,-104.14657762136517,LOGOUT,CRITICAL
2026-11-20T15:31:29,-16.038142710623987,-92.27868932834298,LOGOUT,CRITICAL
2026-08-19T01:04:49,-60.99675473384316,46.6345529597358,LOGIN,CRITICAL
2026-02-27T00:52:55,-79.93583925112004,-87.02652743398495,LOGOUT,CRITICAL
2026-06-07T11:07:36,17.884354103087347,22.897692840875465,LOGIN,CRITICAL
2026-10-10T17:12:44,29.114111273248454,-77.95633449396944,LOGIN,LOW
2026-06-24T10:52:43,19.174661626664147,-10.291156230651893,ERROR,LOW
2026-03-27T04:37:08,59.465443446770536,36.301937188032014,UPLOAD,LOW
2026-08-31T00:45:15,28.736775010413552,-84.7725485236957,PURCHASE,HIGH
2026-08-20T16:05:38,16.307278367815314,-97.26703661563928,ERROR,LOW
2026-02-12T03:56:48,-87.01872709078536,8.176083486177049,UPLOAD,CRITICAL
2026-06-13T00:46:23,58.77255340606729,37.9839664300344,LOGOUT,HIGH
2026-12-17T03:35:51,20.654670506466047,-165.94683709747383,UPLOAD,CRITICAL
2026-10-20T04:43:09,-68.84704681654131,-6.393263359506875,LOGOUT,CRITICAL
